<?xml version="1.0" encoding="UTF-8"?>
<metadata>
  <identifier>gdps-2.2-song-791018</identifier>
  <collection>gdps-editor-2.2</collection>
  <creator>mutty99</creator>
  <description>A song archive from the GDPS Editor 2.2 Reupload System. Originally archived for Level ID 72014</description>
  <mediatype>audio</mediatype>
  <scanner>GDPS Editor 2.2 Archiver</scanner>
  <subject>gdps;geometry dash;2.2;gdps editor 2.2;gdps editor;song</subject>
  <title>Tetris A Theme (8-bit loop)</title>
  <uploader>awesomekalin55@outlook.com</uploader>
  <collection>additional_collections</collection>
  <collection_added>additional_collections</collection_added>
  <publicdate>2024-04-06 14:37:25</publicdate>
  <addeddate>2024-04-06 14:37:25</addeddate>
</metadata>
